"Dummy Regressor","Linear Regressor","Ridge Regressor","Lasso Regressor"
567328.3604069565,152726.32964017722,153158.99407554354,152731.58116540287
576996.1124896985,156892.31245733215,157579.39929164917,156919.2920104823
0.0,0.9275299032454317,0.9271187148497532,0.9275249193623614
-9.293118584441373e-06,0.926063040005336,0.9254140298787412,0.9260376090887457
-0.010028078620136327,0.9268031674175681,0.92638785559233,0.9267981335557264
-0.010037464930844564,0.9253215943575757,0.924666075906406,0.9252959084177543
